Municipios,Año,Cacao,Cafè,Caña de azucar (1),Caña panelera (1),Plátano (2)
Cali,2018,0.00,799.80,"465,000.00",0.00,198.00
Alcalà,2018,0.00,"2,854.00",0.00,0.00,"11,205.00"
Andalucia,2018,27.00,198.48,"316,800.00",0.00,"1,650.00"
Ansermanuevo,2018,24.30,"3,291.41","177,960.00","6,160.00","7,086.30"
Argelia,2018,0.80,"1,517.04",0.00,"2,128.00","10,584.00"
Bolivar,2018,414.00,"1,387.00","72,720.00","23,808.00","5,356.00"
Buenaventura,2018,63.00,0.00,0.00,"2,550.00","1,162.00"
Buga,2018,5.00,0.00,"779,460.00","1,330.00",132.00
Bugalagrande,2018,77.40,"1,510.80","1,118,130.00","14,735.00","1,992.00"
Caicedonia,2018,42.30,"5,692.20","15,000.00",550.00,"23,474.00"
Calima Darién,2018,1.20,435.00,0.00,"7,160.00","1,672.00"
Candelaria,2018,1.60,0.00,"2,752,360.00","74,425.00",75.00
Cartago,2018,5.60,249.40,"533,755.60","3,510.00","1,548.00"
Dagua,2018,265.60,779.03,0.00,"15,100.00","16,485.00"
El Aguila,2018,16.00,"7,061.28",0.00,"2,400.00","15,870.00"
El Cairo,2018,0.00,"4,117.46",0.00,"3,750.00","23,745.00"
El Cerrito,2018,0.00,191.00,"2,035,800.00",0.00,0.00
El Dovio,2018,27.20,"1,047.00",0.00,"13,900.00",745.00
Florida,2018,16.00,"4,584.00","1,314,300.00",0.00,"3,240.00"
Ginebra,2018,0.00,"1,091.25","356,400.00","3,120.00",392.00
Guacarì,2018,0.50,302.80,"1,679,232.00","3,570.00",270.00
Jamundì,2018,139.80,"1,074.20","828,630.00","3,180.00",486.50
La Cumbre,2018,0.00,661.60,0.00,735.00,"3,777.40"
La Unión,2018,2.31,467.80,"229,120.00",0.00,252.00
La Victoria,2018,12.00,"1,174.00","195,000.00","1,500.00",760.00
Obando,2018,9.96,584.40,"643,550.00","3,978.00","4,666.20"
Palmira,2018,7.50,380.70,"4,407,000.00","12,460.00","1,416.00"
Pradera,2018,0.00,516.40,"1,047,750.00",0.00,100.00
Restrepo,2018,0.00,560.61,0.00,"22,425.00","3,839.00"
Riofrìo,2018,59.00,"3,762.98","251,500.00","9,280.00","29,912.00"
Roldanillo,2018,5.70,623.92,"339,917.50",396.00,929.76
San Pedro,2018,0.00,403.08,"618,490.00","31,415.00",0.00
Sevilla,2018,10.80,"5,777.00","8,000.00","11,900.00","76,464.00"
Toro,2018,8.00,"1,505.00","223,740.00",0.00,"1,450.00"
Trujillo,2018,20.70,"4,541.64","12,892.50","3,872.00","36,718.50"
Tuluà,2018,37.00,"4,521.00","804,100.00","2,800.00","4,221.00"
Ulloa,2018,2.79,"1,113.02",0.00,0.00,"2,851.95"
Versalles,2018,10.80,"1,175.31",0.00,"37,280.00","1,977.60"
Vijes,2018,0.00,427.00,"16,000.00",0.00,"1,256.00"
Yotoco,2018,0.00,"1,117.51","343,640.00","1,360.00","9,352.00"
Yumbo,2018,0.00,294.90,"173,760.00",294.00,160.50
Zarzal,2018,2.82,0.00,"1,710,855.00","2,070.00",63.40
Municipios,Año,Cacao,Cafè,Caña de azucar (1),Caña panelera (1),Plátano (2)
Cali,2017,0.00,710.40,"418,500.00",0.00,231.00
Alcalà,2017,0.00,"2,854.00",0.00,0.00,"11,205.00"
Andalucia,2017,10.00,174.40,"347,600.00",0.00,"1,020.00"
Ansermanuevo,2017,19.44,"3,981.42","163,130.00","6,480.00","4,656.20"
Argelia,2017,1.20,0.00,0.00,"3,800.00","10,320.00"
Bolivar,2017,382.00,"1,685.00","71,520.00","24,448.00","4,966.00"
Buenaventura,2017,19.60,0.00,0.00,"2,420.00","1,162.00"
Buga,2017,7.50,486.74,"853,450.00","1,190.00",210.00
Bugalagrande,2017,77.40,"1,510.80","1,118,130.00","14,735.00","1,992.00"
Caicedonia,2017,42.30,"5,307.66","12,000.00","1,210.00","26,055.00"
Calima Darién,2017,1.20,426.00,0.00,"7,160.00","1,536.00"
Candelaria,2017,1.60,0.00,"2,614,560.00","70,850.00",80.00
Cartago,2017,0.80,266.40,"446,532.00","3,975.00","1,548.00"
Dagua,2017,157.50,297.00,0.00,"4,500.00","4,375.00"
El Aguila,2017,16.00,"7,617.00",0.00,"1,850.00","13,000.00"
El Cairo,2017,0.00,"3,018.60",0.00,"3,750.00","30,792.00"
El Cerrito,2017,0.00,184.00,"2,105,350.00",0.00,0.00
El Dovio,2017,14.40,862.50,0.00,"8,640.00",730.00
Florida,2017,16.00,"1,687.20",0.00,0.00,"5,400.00"
Ginebra,2017,0.00,872.00,"359,640.00","3,680.00",400.00
Guacarì,2017,2.00,415.80,"1,664,256.00","3,150.00",992.00
Jamundì,2017,144.30,"1,009.30","828,900.00","3,380.00",651.00
La Cumbre,2017,0.00,646.60,0.00,907.50,"2,184.00"
La Unión,2017,2.31,466.90,"206,976.00",0.00,252.00
La Victoria,2017,40.00,"1,025.00","164,000.00","1,500.00","1,184.00"
Obando,2017,18.00,556.20,"620,004.00","4,743.00","4,416.20"
Calima Darién,2015,2,424,0,"7,520","1,560"
Palmira,2017,2.50,331.47,"4,407,000.00","12,460.00","1,416.00"
Pradera,2017,0.00,817.50,"990,000.00",0.00,100.00
Restrepo,2017,0.00,609.96,0.00,"22,165.00","3,818.00"
Riofrìo,2017,66.00,"3,207.88","241,800.00","8,480.00","29,788.00"
Roldanillo,2017,5.70,645.20,"331,500.00",728.00,660.00
San Pedro,2017,0.00,390.40,"612,140.00","31,415.00",0.00
Sevilla,2017,14.40,"7,000.00","8,000.00","17,850.00","43,200.00"
Toro,2017,9.00,"2,220.00","220,440.00",0.00,"1,420.00"
Trujillo,2017,20.50,"4,754.93","15,680.00","4,230.00","38,533.00"
Tuluà,2017,36.00,430.10,"766,480.00","2,800.00","3,704.00"
Ulloa,2017,0.00,"1,033.12",0.00,0.00,"1,767.00"
Versalles,2017,6.80,"1,151.91",0.00,"36,560.00","1,856.40"
Vijes,2017,0.00,420.00,"14,000.00","2,420.00","1,424.00"
Yotoco,2017,0.00,"1,102.53","301,290.00","2,800.00","10,416.00"
Yumbo,2017,0.00,293.60,"161,184.00",273.00,120.00
Zarzal,2017,3.42,0.00,"1,724,580.00","2,970.00",87.00
Municipios,Año,Cacao,Cafè,Caña de azucar (1),Caña panelera (1),Plátano (2)
Cali,2016,0.00,714.70,"418,500.00",0.00,161.00
Alcalà,2016,0.00,"2,148.80",0.00,0.00,"10,000.00"
Andalucia,2016,7.50,228.40,"327,800.00",0.00,150.00
Ansermanuevo,2016,20.20,"4,809.90","163,130.00","2,850.00","4,554.00"
Argelia,2016,2.10,"1,858.30",0.00,"3,000.00","9,600.00"
Bolivar,2016,382.00,"1,424.40","72,600.00","24,448.00","5,551.00"
Buenaventura,2016,12.00,0.00,0.00,"8,295.00","1,218.00"
Buga,2016,7.50,486.70,"853,450.00","1,050.00",210.00
Bugalagrande,2016,74.70,"2,126.90","1,118,130.00","14,735.00","1,960.00"
Caicedonia,2016,31.00,"4,741.80","12,000.00","1,020.00","26,514.00"
Calima Darién,2016,1.60,383.50,0.00,"7,320.00","1,504.00"
Candelaria,2016,2.40,0.00,"3,130,790.00","70,850.00",80.00
Cartago,2016,8.80,333.10,"520,928.60","3,975.00","1,494.00"
Dagua,2016,152.50,938.70,0.00,"15,476.00","22,374.00"
El Aguila,2016,16.00,"6,222.70",0.00,"3,710.00","15,210.00"
El Cairo,2016,0.00,"2,872.60",0.00,"3,500.00","66,420.00"
El Cerrito,2016,0.00,180.00,"1,905,150.00","83,200.00",0.00
El Dovio,2016,14.40,520.30,0.00,"10,720.00",650.00
Florida,2016,14.00,"1,438.30","1,257,200.00",0.00,"3,276.00"
Ginebra,2016,0.00,793.00,"366,300.00","2,640.00","1,071.00"
Guacarì,2016,5.00,562.00,"1,409,940.00",258.00,712.00
Jamundì,2016,187.60,"1,433.30","829,350.00","3,250.00","1,207.50"
La Cumbre,2016,0.00,643.80,0.00,425.00,"2,151.50"
La Unión,2016,0.00,430.10,"170,688.00",283.50,179.20
La Victoria,2016,28.00,475.00,"112,670.00","5,700.00","2,440.00"
Obando,2016,18.30,917.60,"586,800.00","6,060.00","3,348.00"
Palmira,2016,2.50,412.70,"3,776,500.00","12,460.00","1,692.00"
Pradera,2016,0.00,569.00,"1,130,800.00",0.00,70.00
Restrepo,2016,0.00,527.90,0.00,"19,440.00","5,184.00"
Riofrìo,2016,42.00,"3,064.00","253,000.00","8,400.00","28,112.00"
Roldanillo,2016,7.60,765.70,"313,000.00",720.00,684.00
San Pedro,2016,0.00,479.40,"605,790.00","30,500.00",0.00
Sevilla,2016,21.60,"7,453.00","8,000.00","16,725.00","46,176.00"
Toro,2016,13.50,"1,577.50","200,400.00",0.00,"1,230.00"
Trujillo,2016,23.50,"4,447.80","14,520.00","3,330.00","38,522.00"
Tuluà,2016,27.00,"4,061.10","806,300.00","2,720.00","3,704.00"
Ulloa,2016,0.00,945.30,0.00,0.00,"2,655.00"
Versalles,2016,10.00,955.40,0.00,"36,960.00","1,730.40"
Vijes,2016,0.00,585.40,"12,500.00","2,310.00","1,408.00"
Yotoco,2016,0.00,"1,101.80","312,950.00","2,800.00","9,968.00"
Yumbo,2016,0.00,328.40,"116,250.00",84.00,40.00
Zarzal,2016,3.40,0.00,"1,826,721.00","2,160.00",87.00
Municipios,Año,Cacao,Cafè,Caña de azucar (1),Caña panelera (1),Plátano (2)
Cali,2015,0,319,"438,350",0,173
Alcalà,2015,0,"1,346",0,0,"5,275"
Andalucia,2015,8,192,"264,000",0,500
Ansermanuevo,2015,17,"4,643","177,960","4,880","8,280"
Argelia,2015,7,"1,592",0,"4,280","18,552"
Bolivar,2015,174,"1,514","69,000","25,600","4,992"
Buenaventura,2015,8,0,0,"8,295",910
Buga,2015,8,483,"731,510","1,050",210
Bugalagrande,2015,58,"1,433","1,053,592","15,260","1,960"
Caicedonia,2015,13,"5,630","9,000","7,680","24,723"
Candelaria,2015,2,0,"2,752,100","70,850",95
Cartago,2015,7,215,"520,929","3,975","1,440"
Dagua,2015,20,"1,154",0,"21,725","26,400"
El Aguila,2015,9,"5,847",0,"3,500","6,808"
El Cairo,2015,0,"3,486",0,"4,000","31,320"
El Cerrito,2015,0,123,"1,612,000","88,200",0
El Dovio,2015,7,475,0,"12,720",850
Florida,2015,14,816,"920,400",0,"2,856"
Ginebra,2015,0,329,"314,050","2,115",666
Guacarì,2015,5,261,"1,523,844","2,700",735
Jamundì,2015,161,694,"828,000","3,250",714
La Cumbre,2015,0,455,0,475,"2,152"
La Unión,2015,0,642,"155,347",228,171
La Victoria,2015,15,"1,080","164,375","5,700","1,842"
Obando,2015,10,562,"622,078","4,403","3,990"
Palmira,2015,3,349,"3,783,000","12,460","1,368"
Pradera,2015,0,349,"993,740",0,70
Restrepo,2015,0,583,0,"22,035","3,888"
Riofrìo,2015,25,"1,991","242,500","4,840","34,210"
Roldanillo,2015,7,654,"313,000",720,624
San Pedro,2015,0,372,"519,176","29,585",0
Sevilla,2015,13,"7,530","6,300","14,640","18,250"
Toro,2015,18,"1,464","201,072",0,"1,000"
Trujillo,2015,8,"4,021","12,360","1,755","34,030"
Tuluà,2015,22,"2,761","766,480","1,800","3,696"
Ulloa,2015,0,587,0,0,"5,200"
Versalles,2015,4,"1,019",0,"40,040","1,824"
Vijes,2015,0,481,"9,500",950,"1,225"
Yotoco,2015,0,702,"272,200","3,040","9,930"
Yumbo,2015,0,286,"133,600",360,75
Zarzal,2015,3,0,"1,768,560","2,240",99
Municipios,Año,Cacao,Cafè,Caña de azucar (1),Caña panelera (1),Plátano (2)
Cali,2014,0,0,0,0,0
Alcalà,2014,0,0,0,0,0
Andalucia,2014,775,"7,943,331","11,194,433","65,893",0
Ansermanuevo,2014,0,0,0,0,0
Argelia,2014,0,"66,000",0,0,0
Bolivar,2014,0,0,0,0,0
Buenaventura,2014,9,"29,041",0,0,0
Buga,2014,34,"642,588","118,688","1,098",0
Bugalagrande,2014,8,0,0,"1,830",0
Caicedonia,2014,167,"197,640","33,280","5,187",0
Calima Darién,2014,0,0,0,"1,400",0
Candelaria,2014,5,"63,700","389,270",210,0
Cartago,2014,44,"241,560","196,500","3,488",0
Dagua,2014,22,"455,175","7,200",783,0
El Aguila,2014,2,0,0,960,0
El Cairo,2014,0,0,"1,378,000","9,720",0
El Cerrito,2014,5,"48,743","301,635",477,0
El Dovio,2014,40,0,0,"9,480",0
Florida,2014,14,0,0,260,0
Ginebra,2014,0,0,0,584,0
Guacarì,2014,0,"23,940","1,240,000",0,0
Jamundì,2014,13,0,0,"3,180",0
La Cumbre,2014,8,"180,040",0,0,0
La Unión,2014,0,"107,400","143,000",500,0
La Victoria,2014,3,"66,528","773,880",408,0
Obando,2014,132,"137,610","512,525",700,0
Palmira,2014,0,0,0,130,0
Pradera,2014,0,"54,988","77,400",39,0
Restrepo,2014,40,"61,930","72,150",864,0
Riofrìo,2014,21,"132,821","213,197","1,335",0
Roldanillo,2014,2,"52,000","2,177,000","2,136",0
San Pedro,2014,0,"57,530",0,0,0
Sevilla,2014,0,0,0,"1,870",0
Toro,2014,46,"290,000","97,200","1,416",0
Trujillo,2014,9,"98,063","63,576",324,0
Tuluà,2014,0,"60,579","283,650",0,0
Ulloa,2014,19,"693,841","4,240","1,200",0
Versalles,2014,13,"188,328",0,0,0
Vijes,2014,17,"602,420","5,000",408,0
Yotoco,2014,13,"436,770","371,280",264,0
Yumbo,2014,0,0,0,0,0
Zarzal,2014,3,0,0,"4,530",0
Municipios,Año,Cacao,Cafè,Caña de azucar (1),Caña panelera (1),Plátano (2)
Cali,2013,0,0,"418,325",0,248
Alcalà,2013,0,"2,810",0,0,480
Andalucia,2013,10,182,"246,853",0,800
Ansermanuevo,2013,17,"6,161","173,814","5,864","6,322"
Argelia,2013,8,"1,664",0,"4,956","22,335"
Bolivar,2013,89,"1,458","48,720","22,656","4,758"
Buenaventura,2013,0,0,0,851,959
Buga,2013,4,34,"567,872",300,210
Bugalagrande,2013,50,"1,984","894,463","10,900","1,960"
Caicedonia,2013,8,"5,118","9,475","1,050","22,606"
Calima Darién,2013,2,395,0,"8,640","1,353"
Candelaria,2013,3,0,"2,368,399",0,80
Cartago,2013,3,187,"379,343",383,"1,440"
Dagua,2013,12,"1,615",0,"21,725","27,600"
El Aguila,2013,18,"6,670",0,436,"6,325"
El Cairo,2013,0,"3,114",0,"2,800","30,720"
El Cerrito,2013,0,115,"1,591,836","88,200",0
El Dovio,2013,16,543,0,"12,800","1,680"
Florida,2013,12,720,"756,326",0,"5,300"
Ginebra,2013,0,"4,172","278,838",18,"1,176"
Guacarì,2013,2,219,"1,290,240","2,500",856
Jamundì,2013,118,952,"946,168","3,550",922
La Cumbre,2013,0,450,0,"1,188","2,132"
La Unión,2013,0,29,"106,087",24,242
La Victoria,2013,8,0,"146,227","7,700","1,818"
Obando,2013,4,953,"430,859","4,614","3,528"
Palmira,2013,0,279,"3,270,252",0,"1,320"
Pradera,2013,0,0,"925,997",0,70
Restrepo,2013,0,751,0,"2,152","3,466"
Riofrìo,2013,26,"3,238","224,929","9,440","79,650"
Roldanillo,2013,9,634,"176,600","1,008",636
San Pedro,2013,0,342,"442,448","28,060",0
Sevilla,2013,13,"8,587","4,922","1,464","18,250"
Toro,2013,17,"2,135","156,180",0,"1,020"
Trujillo,2013,7,"6,040","15,283","2,400","79,650"
Tuluà,2013,29,0,"780,521","1,120","3,776"
Ulloa,2013,0,775,0,0,"13,629"
Versalles,2013,2,0,0,"3,942","3,280"
Vijes,2013,0,804,"13,960","2,208","1,183"
Yotoco,2013,0,0,"271,504",140,"9,269"
Yumbo,2013,0,245,"176,300",330,100
Zarzal,2013,13,0,"1,504,712","1,647",92
Municipios,Año,Cacao,Cafè,Caña de azucar (1),Caña panelera (1),Plátano (2)
Cali,2012,0,0,0,0,0
Alcalà,2012,0,0,0,0,0
Andalucia,2012,907,"7,273,154","9,674,541","76,572",0
Ansermanuevo,2012,0,0,0,0,0
Argelia,2012,0,"50,500",0,0,0
Bolivar,2012,0,0,0,150,0
Buenaventura,2012,0,"32,109",0,0,0
Buga,2012,42,"57,188","106,272","1,055",0
Bugalagrande,2012,8,0,0,"1,875",0
Caicedonia,2012,104,"189,000","27,187","4,901",0
Calima Darién,2012,0,0,0,"1,652",0
Candelaria,2012,12,"58,344","292,500","1,400",0
Cartago,2012,50,"197,762","215,900","3,488",0
Dagua,2012,6,"545,880","4,200",70,0
El Aguila,2012,4,0,0,864,0
El Cairo,2012,0,0,"1,267,500","12,700",0
El Cerrito,2012,3,"5,209","262,634",459,0
El Dovio,2012,24,0,0,"5,339",0
Florida,2012,130,0,0,420,0
Ginebra,2012,5,0,0,604,0
Guacarì,2012,0,"16,600","1,011,420",0,0
Jamundì,2012,14,0,0,"2,541",0
La Cumbre,2012,7,"126,280",0,0,0
La Unión,2012,0,"90,420","91,008",69,0
La Victoria,2012,4,"67,158","632,500",550,0
Obando,2012,131,"135,540","446,590",690,0
Palmira,2012,0,0,0,257,0
Pradera,2012,6,"55,224","88,474",99,0
Restrepo,2012,11,"66,110","64,000","1,224",0
Riofrìo,2012,30,"129,419","204,051","1,065",0
Roldanillo,2012,0,"33,480","1,848,000","3,204",0
San Pedro,2012,0,"42,642",0,0,0
Sevilla,2012,0,0,0,"1,821",0
Toro,2012,52,"325,860","160,558",690,0
Trujillo,2012,16,"101,625","44,640",336,0
Tuluà,2012,0,"54,356","213,500","4,140",0
Ulloa,2012,13,"715,569","12,000","5,490",0
Versalles,2012,8,"146,165",0,0,0
Vijes,2012,14,0,0,56,0
Yotoco,2012,66,"453,230","565,600",232,0
Yumbo,2012,13,0,0,666,0
Zarzal,2012,0,0,0,"2,450",0
Municipios,Año,Cacao,Cafè,Caña de azucar (1),Caña panelera (1),Plátano (2)
Cali,2011,0,381,"458,080",0,456
Alcalà,2011,0,"1,832",0,"1,200",846
Andalucia,2011,0,393,"389,200",0,0
Ansermanuevo,2011,14,"6,086","22,056","6,880","5,790"
Argelia,2011,5,992,0,"3,366","16,080"
Bolivar,2011,60,"1,537","43,783","22,080","4,459"
Buenaventura,2011,5,0,0,"8,610",994
Buga,2011,18,530,"429,000","7,500","6,300"
Bugalagrande,2011,50,"1,984","1,053,836","26,160","1,960"
Caicedonia,2011,3,"2,596","7,800","1,190","8,490"
Calima Darién,2011,10,448,0,"10,725","1,194"
Candelaria,2011,5,0,"2,700,880","82,680",60
Cartago,2011,2,375,"338,655","3,750","1,377"
Dagua,2011,6,"1,302",0,"11,381",456
El Aguila,2011,5,"6,268",0,"5,400","6,340"
El Cairo,2011,2,"5,259",0,"1,420","42,095"
El Cerrito,2011,0,86,"1,927,055","38,180",0
El Dovio,2011,11,"1,087",0,"13,800",340
Florida,2011,7,"4,510","1,540,000",0,"4,120"
Ginebra,2011,0,496,"283,136",252,"1,240"
Guacarì,2011,5,525,"1,544,760","3,350",980
Jamundì,2011,155,"1,238","561,600",0,"1,500"
La Cumbre,2011,0,776,0,"1,270","2,061"
La Unión,2011,559,196,"148,465",0,299
La Victoria,2011,5,842,"140,800","10,200","1,722"
Obando,2011,5,"1,281","423,437","3,758","3,116"
Palmira,2011,0,278,"3,817,300","9,612","2,160"
Pradera,2011,0,208,"1,321,161",0,70
Restrepo,2011,0,"1,142",0,"16,020","3,229"
Riofrìo,2011,72,"3,327","297,330","4,050","10,804"
Roldanillo,2011,11,550,"162,360","1,260",237
San Pedro,2011,0,338,"583,984","28,060","1,413"
Sevilla,2011,17,"8,377",0,"12,640","68,240"
Toro,2011,30,"1,806","131,675",0,"2,990"
Trujillo,2011,6,"4,142",0,900,"6,795"
Tuluà,2011,68,"5,070","878,500","1,624","3,672"
Ulloa,2011,6,982,0,"1,760","9,638"
Versalles,2011,0,260,0,"20,000","1,836"
Vijes,2011,0,"1,038",0,"1,288","1,001"
Yotoco,2011,0,"2,067","146,718","4,081","7,992"
Yumbo,2011,0,200,"183,722",490,180
Zarzal,2011,0,0,"948,090",800,136
Municipios,Año,Cacao,Cafè,Caña de azucar (1),Caña panelera (1),Plátano (2)
Cali,2010,0,287,"687,120",0,504
Alcalà,2010,0,"2,918",0,"6,400","2,040"
Andalucia,2010,11,452,"300,000","45,645",600
Ansermanuevo,2010,6,"5,361","240,000","6,375","4,969"
Argelia,2010,5,992,0,"4,356","19,080"
Bolivar,2010,66,"1,589","58,423","23,616","4,693"
Buenaventura,2010,18,0,0,"8,750",735
Buga,2010,3,340,"461,909","9,760","3,700"
Bugalagrande,2010,56,"1,964","951,600","26,040","1,960"
Caicedonia,2010,0,"5,400","11,400","1,800","13,509"
Calima Darién,2010,0,428,0,"10,153","1,236"
Candelaria,2010,4,0,"2,952,852","80,136",60
Cartago,2010,9,420,"278,432","4,032","1,368"
Dagua,2010,6,"1,302",0,"11,381","3,952"
El Aguila,2010,5,"6,268",0,"6,912","6,662"
El Cairo,2010,2,"5,259",0,"1,400","31,740"
El Cerrito,2010,0,80,"1,709,981","29,880",0
El Dovio,2010,2,"1,105",0,"14,297",400
Florida,2010,7,"4,510","1,540,000",0,"4,120"
Ginebra,2010,0,574,"278,600",180,994
Guacarì,2010,5,525,"1,544,760","3,350",980
Jamundì,2010,79,"1,296","561,600","3,510","3,664"
La Cumbre,2010,0,808,0,"1,295","2,021"
La Unión,2010,585,378,"122,935",543,230
La Victoria,2010,5,957,"130,174","10,200","1,740"
Obando,2010,3,"1,049","428,729","3,507","2,949"
Palmira,2010,0,279,"3,065,168","8,100","2,160"
Pradera,2010,0,208,"1,325,012",0,70
Restrepo,2010,0,"1,242",0,"16,245","3,091"
Riofrìo,2010,72,"3,313","302,100","5,886","10,804"
Roldanillo,2010,12,633,"192,852","1,800",456
San Pedro,2010,0,338,"575,094","28,060","1,413"
Sevilla,2010,2,"5,913",0,"11,760","47,208"
Toro,2010,32,"1,751","127,650",0,"2,860"
Trujillo,2010,6,"4,142",0,900,"6,795"
Tuluà,2010,26,"5,070","865,500","1,288","3,728"
Ulloa,2010,0,"1,974",0,"1,760","9,802"
Versalles,2010,0,293,0,"21,670","2,238"
Vijes,2010,0,944,0,"1,840",959
Yotoco,2010,0,"2,359","149,615","4,133","7,931"
Yumbo,2010,0,200,"128,722",420,180
Zarzal,2010,0,0,"1,365,780","1,440",126
Municipios,Año,Cacao,Café,Caña de azucar (1),Caña panelera (1),Plátano
Cali,2009,4,265,"631,131",0,300
Alcalà,2009,0,"1,093",0,"6,344","1,071"
Andalucia,2009,17,278,"306,499","33,579",560
Ansermanuevo,2009,5,"2,627","286,264","5,031","4,966"
Argelia,2009,5,992,0,"3,366","16,080"
Bolivar,2009,56,"1,420","57,395","22,176","4,238"
Buenaventura,2009,20,0,0,"7,875",735
Buga,2009,0,303,"434,710","7,452","2,737"
Bugalagrande,2009,25,"2,219","1,023,650","22,248","2,320"
Caicedonia,2009,17,"5,967","11,795","1,350","16,359"
Calima Darién,2009,0,346,0,"9,202","1,212"
Candelaria,2009,5,0,"2,929,283","66,548",100
Cartago,2009,1,171,"308,771","4,032","1,206"
Dagua,2009,25,"1,221",0,"18,873","2,945"
El Aguila,2009,5,"6,305",0,"5,400","6,333"
El Cairo,2009,0,"5,259",0,"1,771","31,366"
El Cerrito,2009,0,83,"1,896,083","26,892",60
El Dovio,2009,2,872,0,"14,783",400
Florida,2009,6,283,"1,486,504",0,"3,330"
Ginebra,2009,0,575,"313,985",180,994
Guacarì,2009,0,484,"1,522,408","3,557",465
Jamundì,2009,169,"1,332","847,149","1,872","1,128"
La Cumbre,2009,0,738,0,"1,041","2,028"
La Unión,2009,5,528,"121,040",760,173
La Victoria,2009,5,933,"128,155","8,282","1,680"
Obando,2009,2,373,"357,605","1,940","2,700"
Palmira,2009,5,275,"4,324,619","8,100","2,160"
Pradera,2009,0,206,"1,469,346",0,70
Restrepo,2009,0,"1,296",0,"15,431","3,003"
Riofrìo,2009,72,"3,320","335,087","4,050","10,802"
Roldanillo,2009,6,395,"192,784","2,232",456
San Pedro,2009,0,334,"548,038","26,325","1,395"
Sevilla,2009,9,"8,764",0,"11,520","12,249"
Toro,2009,32,"1,686","125,583",0,"2,830"
Trujillo,2009,6,"4,120","10,952",659,"5,882"
Tuluà,2009,26,"5,091","959,829","4,032","3,728"
Ulloa,2009,0,"1,005",0,0,"4,185"
Versalles,2009,0,754,0,"19,044","3,220"
Vijes,2009,0,657,0,620,889
Yotoco,2009,0,"1,035","223,316",951,"5,682"
Yumbo,2009,0,209,"164,720",500,192
Zarzal,2009,6,0,"2,124,704","1,550",98
Municipios,Año,Cacao,Cafè,Caña de azucar (1),Caña panelera (1),Plátano
Cali,2008,0,0,0,0,0
Alcalà,2008,0,0,0,0,0
Andalucia,2008,478,"8,205,275","13,265,531","63,623",0
Ansermanuevo,2008,0,0,0,0,0
Argelia,2008,0,"42,790",0,0,0
Bolivar,2008,0,0,0,504,0
Buenaventura,2008,19,"27,680","748,800","2,331",0
Buga,2008,5,"627,990","119,483",462,0
Bugalagrande,2008,0,0,0,"1,093",0
Caicedonia,2008,79,"197,160","8,704","4,810",0
Calima Darién,2008,0,0,0,"1,925",0
Candelaria,2008,0,"48,090","451,750",900,0
Cartago,2008,20,"313,460","627,600","3,296",0
Dagua,2008,0,0,0,142,0
El Aguila,2008,0,0,0,816,0
El Cairo,2008,0,0,"1,349,018","10,580",0
El Cerrito,2008,0,"62,790","96,000","1,008",0
El Dovio,2008,27,0,0,"7,904",0
Florida,2008,21,0,0,442,0
Ginebra,2008,0,0,0,702,0
Guacarì,2008,0,"12,510","1,309,680","2,920",0
Jamundì,2008,15,0,0,"2,653",0
La Cumbre,2008,5,"115,780",0,0,0
La Unión,2008,0,"89,540","104,130",50,0
La Victoria,2008,0,"63,600","891,200",325,0
Obando,2008,114,"185,225","246,000",312,0
Palmira,2008,0,0,0,325,0
Pradera,2008,4,"58,188","53,160",167,0
Restrepo,2008,6,"66,550","51,550","1,104",0
Riofrìo,2008,6,"169,275","126,954",600,0
Roldanillo,2008,0,"31,625","3,685,392","32,076",0
San Pedro,2008,0,"38,065",0,0,0
Sevilla,2008,0,0,0,"1,821",0
Toro,2008,23,"388,570","88,800",689,0
Trujillo,2008,9,"110,880","50,638",356,0
Tuluà,2008,0,"51,783","301,600","4,050",0
Ulloa,2008,10,0,0,600,0
Versalles,2008,19,"226,795",0,0,0
Vijes,2008,5,"524,810","4,800",88,0
Yotoco,2008,72,"397,200",0,0,0
Yumbo,2008,0,0,0,0,0
Zarzal,2008,0,0,0,"2,562",0
Municipios,Año,Cacao,Cafè,Caña de azucar (1),Caña panelera (1),Plátano (2)
Cali,2007,0,218,"539,000",0,390
Alcalà,2007,0,"2,905",0,0,"3,762"
Andalucia,2007,4,344,"681,520","2,430",592
Ansermanuevo,2007,1,"6,602","218,739","7,140","3,920"
Argelia,2007,3,"3,365",0,"3,735","20,560"
Bolivar,2007,21,"1,076","16,368","21,120","3,770"
Buenaventura,2007,0,0,0,"9,100",770
Buga,2007,0,559,"797,295","7,280","5,520"
Bugalagrande,2007,23,"2,044","1,470,000","24,000","2,560"
Caicedonia,2007,0,"6,675",0,"1,365","20,472"
Candelaria,2007,0,0,"2,398,000","76,320",100
Cartago,2007,0,300,"241,500","3,200","1,305"
Dagua,2007,10,"1,280",0,"18,450","5,966"
Darièn,2007,0,300,0,"9,360","1,200"
El Aguila,2007,23,"6,610",0,"5,500","2,880"
El Cairo,2007,0,"3,596",0,"1,944","6,525"
El Cerrito,2007,0,76,"1,300,680","13,140",215
El Dovio,2007,40,"1,288",0,"13,850","1,200"
Florida,2007,8,263,"1,279,200",0,"3,120"
Ginebra,2007,0,587,"254,540",315,828
Guacarì,2007,0,531,"1,320,000","2,600",840
Jamundì,2007,68,"1,620","726,000",250,"1,173"
La Cumbre,2007,0,756,0,616,"1,628"
La Unión,2007,0,466,"121,800",840,550
La Victoria,2007,1,665,"112,200","8,900","1,698"
Obando,2007,3,"1,289","229,600","3,132","5,168"
Palmira,2007,0,288,"3,717,720","203,148","2,160"
Pradera,2007,0,172,"1,148,505",0,100
Restrepo,2007,0,"1,280",0,"14,130","3,180"
Riofrìo,2007,21,"3,600","362,600","4,500","16,268"
Roldanillo,2007,6,596,"196,000","1,600",680
San Pedro,2007,0,312,"575,640","27,300","1,395"
Sevilla,2007,0,"8,284",0,"9,000","12,960"
Toro,2007,0,"3,330","91,350",0,"1,981"
Trujillo,2007,5,"7,200","13,200",200,"6,300"
Tuluà,2007,84,"3,900","1,551,000",0,800
Ulloa,2007,0,800,0,0,"1,310"
Versalles,2007,0,637,0,"20,750","2,520"
Vijes,2007,0,870,0,450,780
Yotoco,2007,0,"2,776","328,300",588,"4,710"
Yumbo,2007,0,207,"154,550",590,240
Zarzal,2007,0,0,"1,950,000",720,182
Municipios,Año,Cacao,Cafè,Caña de azucar (1),Caña panelera (1),Plátano (2)
Cali,2006,0,271,"539,000",0,"1,440"
Alcalà,2006,0,"1,841",0,0,"6,372"
Andalucia,2006,3,322,"575,640","1,950",500
Ansermanuevo,2006,2,"7,202","219,445","4,560","3,800"
Argelia,2006,3,"2,375",0,"3,150","21,210"
Bolivar,2006,20,"1,256","16,368","22,400","3,770"
Buenaventura,2006,0,0,0,"8,400",770
Buga,2006,0,591,"761,055","6,399","5,316"
Bugalagrande,2006,5,"1,878","1,330,000","21,000","2,296"
Caicedonia,2006,0,"6,374",0,"1,365","21,299"
Candelaria,2006,0,0,"205,700","61,200",100
Cartago,2006,0,511,"231,210","3,909","1,827"
Dagua,2006,15,"1,078",0,"23,970","4,345"
Darièn,2006,0,315,0,"9,360","1,200"
El Aguila,2006,24,"6,610",0,"5,500","2,880"
El Cairo,2006,0,"3,670",0,"1,956","6,364"
El Cerrito,2006,0,77,"1,269,000","11,680",200
El Dovio,2006,0,"1,232",0,"13,500","1,480"
Florida,2006,9,559,"1,311,180","9,200",286
Ginebra,2006,0,587,"254,540",315,828
Guacarì,2006,0,527,"1,320,000","2,600",840
Jamundì,2006,77,"1,694","716,320","2,000","1,260"
La Cumbre,2006,0,907,0,613,"1,820"
La Unión,2006,0,468,"121,800",870,550
La Victoria,2006,1,664,"112,200","8,900","1,680"
Obando,2006,2,453,"235,200","4,400","3,920"
Palmira,2006,0,303,"3,717,720","203,148","2,550"
Pradera,2006,0,172,"1,148,505",0,100
Restrepo,2006,0,"1,092",0,"13,905","3,150"
Riofrìo,2006,8,"3,154","342,360","4,200","9,800"
Roldanillo,2006,6,606,"184,800","1,600",680
San Pedro,2006,0,301,"570,720","29,250","1,575"
Sevilla,2006,0,"8,273",0,"9,000","14,840"
Toro,2006,0,"2,827","91,350","1,260","1,960"
Trujillo,2006,5,"4,430","11,000",300,"5,850"
Tuluà,2006,46,"3,521","1,331,000","14,400","6,000"
Ulloa,2006,0,"1,053",0,0,"1,100"
Versalles,2006,0,968,0,"20,000","2,380"
Vijes,2006,0,710,0,315,"1,080"
Yotoco,2006,0,"1,604","343,000",361,"4,812"
Yumbo,2006,0,201,"148,500",767,184
Zarzal,2006,0,0,"1,091,265","1,200",299
Municipios,AÑO,Cacao,Cafè,Caña de azucar (1),Caña panelera (1),Plátano (2)
Cali,2005,0,276,"548,937",0,"1,243"
Alcalà,2005,2,"3,019",0,669,"2,745"
Andalucia,2005,3,207,"575,562",710,428
Ansermanuevo,2005,3,"6,327","251,868","4,800","3,719"
Argelia,2005,0,"1,739",0,"3,060","21,084"
Bolivar,2005,20,"1,182","17,275","22,400","3,250"
Buenaventura,2005,0,0,0,"9,503","1,523"
Buga,2005,0,767,"770,157","5,925","5,184"
Bugalagrande,2005,2,"1,424","1,133,748","20,880","2,624"
Caicedonia,2005,0,"7,719",0,"1,365","10,421"
Candelaria,2005,0,0,"2,052,146","69,000",74
Cartago,2005,0,404,"238,305",322,"1,827"
Dagua,2005,9,867,0,"21,620","5,000"
Darièn,2005,0,520,0,"8,784","1,200"
El Aguila,2005,24,"7,239",0,"4,950","2,800"
El Cairo,2005,0,"3,035",0,"1,956","6,364"
El Cerrito,2005,0,94,"1,092,845","10,400",200
El Dovio,2005,0,502,0,"9,720","1,615"
Florida,2005,8,359,"1,310,679","9,200","3,053"
Ginebra,2005,0,501,"254,539",315,"1,105"
Guacarì,2005,0,674,"1,139,229","2,400",875
Jamundì,2005,68,767,"449,064","2,000","1,001"
La Cumbre,2005,0,439,0,613,"1,785"
La Unión,2005,0,611,"96,917",510,673
La Victoria,2005,2,209,"112,220","5,100","1,680"
Obando,2005,1,539,"235,165","3,300","3,912"
Palmira,2005,0,209,"3,466,165","1,620","6,155"
Pradera,2005,0,86,"1,148,574",0,100
Restrepo,2005,0,815,0,"13,410","3,090"
Riofrìo,2005,25,"3,780","363,986","4,488","9,800"
Roldanillo,2005,6,723,"184,632","1,600",840
San Pedro,2005,0,350,"599,127","30,225","1,647"
Sevilla,2005,0,"10,030",0,"10,400","14,560"
Toro,2005,0,"1,964","96,302","1,260","1,960"
Trujillo,2005,3,"4,890","12,797",400,"5,130"
Tuluà,2005,10,"2,249","1,249,548","7,500","4,000"
Ulloa,2005,0,"1,355",0,0,985
Versalles,2005,0,"1,187",0,"17,325","2,412"
Vijes,2005,0,389,0,167,"1,064"
Yotoco,2005,0,"1,466","309,708",333,"5,348"
Yumbo,2005,0,196,"138,173",767,188
Zarzal,2005,0,0,"1,074,255",640,140
Municipios,AÑO,Cacao,Cafè,Caña de azucar (1),Caña panelera (1),Plátano (2)
Cali,2004,0,718,"522,797",0,"1,043"
Alcalà,2004,2,"1,605",0,302,838
Andalucia,2004,3,246,"548,154",710,248
Ansermanuevo,2004,0,"6,272","199,221","6,120","3,662"
Argelia,2004,0,"3,311",0,"1,530","7,554"
Bolivar,2004,19,"1,746","16,178","22,080","3,522"
Buenaventura,2004,0,0,0,"10,083",862
Buga,2004,0,"1,074","733,483","5,175","4,994"
Bugalagrande,2004,2,"2,055","1,079,760","14,700","3,240"
Caicedonia,2004,0,"6,795",0,"1,260","16,016"
Candelaria,2004,0,0,"1,954,425","75,000",74
Cartago,2004,0,762,"226,958","3,385","1,883"
Dagua,2004,11,"1,441",0,"7,497","8,390"
Darièn,2004,0,691,0,"8,784","2,111"
El Aguila,2004,17,"8,013",0,"2,695","2,106"
El Cairo,2004,0,"4,687",0,"1,956","6,166"
El Cerrito,2004,0,188,"1,040,805","10,400",875
El Dovio,2004,0,"1,471",0,"9,720","1,766"
Florida,2004,8,896,"1,248,266","9,200","3,135"
Ginebra,2004,0,864,"220,380",294,"1,043"
Guacarì,2004,0,690,"1,084,980","2,840","2,639"
Jamundì,2004,17,935,"427,680","1,720",505
La Cumbre,2004,0,"1,308",0,"1,128","1,750"
La Unión,2004,0,575,"75,820",510,673
La Victoria,2004,2,945,"106,876","5,160","1,669"
Obando,2004,0,"1,411","223,966","3,575","4,632"
Palmira,2004,0,410,"3,330,067","1,770","6,155"
Pradera,2004,0,347,"1,093,880",0,134
Restrepo,2004,0,"1,642",0,"13,185","2,879"
Riofrìo,2004,23,"3,653","343,530","4,420","9,081"
Roldanillo,2004,2,615,"175,840","1,238",875
San Pedro,2004,0,417,"570,622","30,225","1,647"
Sevilla,2004,0,"15,724",0,"7,100","10,951"
Toro,2004,0,"1,944","65,027","1,260","2,199"
Trujillo,2004,0,"4,877","12,188","1,200","4,266"
Tuluà,2004,2,"3,700","1,081,860","4,100","3,856"
Ulloa,2004,0,"1,359",0,0,972
Versalles,2004,0,"1,284",0,"17,325","2,412"
Vijes,2004,0,788,0,173,665
Yotoco,2004,0,"1,770","299,876",114,"5,207"
Yumbo,2004,0,479,"131,593",649,184
Zarzal,2004,0,0,"885,871",873,131
Municipios,AÑO,Cacao,Cafè,Caña de azucar (1),Caña panelera (1),Plátano (2)
Cali,2003,0,770,"468,270",0,"1,440"
Alcalà,2003,2,"1,676",0,428,"2,442"
Andalucia,2003,3,244,"643,367",710,473
Ansermanuevo,2003,0,"5,836","208,082","6,480","4,736"
Argelia,2003,0,"4,140",0,952,"4,518"
Bolivar,2003,22,"1,889","14,560","22,080","3,835"
Buenaventura,2003,0,0,0,"10,046","2,093"
Buga,2003,0,"1,063","639,540","4,830","4,444"
Bugalagrande,2003,2,"2,018","1,044,546","19,500","3,247"
Caicedonia,2003,0,"6,645",0,"1,260","15,850"
Candelaria,2003,0,0,"2,023,754","73,750",72
Cartago,2003,0,765,"225,855","3,385","1,626"
Dagua,2003,11,"1,341",0,"7,497","4,602"
Darièn,2003,0,515,0,"9,720","2,049"
El Aguila,2003,16,"5,469",0,"3,174","2,604"
El Cairo,2003,0,"4,098",0,"1,956","5,831"
El Cerrito,2003,0,196,"1,109,600","10,400","1,194"
El Dovio,2003,0,"1,064",0,"9,731","1,950"
Florida,2003,7,834,"1,118,070","9,200","2,553"
Ginebra,2003,0,851,"220,320",294,"1,043"
Guacarì,2003,0,553,"1,113,075","6,300","7,112"
Jamundì,2003,17,970,"383,112","1,548",350
La Cumbre,2003,0,935,0,232,"1,946"
La Unión,2003,0,594,"71,544",340,653
La Victoria,2003,1,535,"94,440","8,600","1,755"
Obando,2003,0,"1,183","203,616","4,125","3,839"
Palmira,2003,0,353,"3,272,147","1,620","6,156"
Pradera,2003,0,313,"1,093,819",0,130
Restrepo,2003,0,804,0,"14,085","3,439"
Riofrìo,2003,17,"3,394","343,560","4,420","9,081"
Roldanillo,2003,7,996,"122,625","4,100","1,243"
San Pedro,2003,0,409,"584,085","30,225","1,634"
Sevilla,2003,0,"7,641",0,"6,390","9,450"
Toro,2003,0,"1,491","62,047","1,239","2,135"
Trujillo,2003,0,"5,544","11,813",750,"4,149"
Tuluà,2003,4,"3,651","715,770","4,100","4,121"
Ulloa,2003,0,"1,183",0,0,657
Versalles,2003,0,"1,279",0,"18,450","2,478"
Vijes,2003,0,558,0,173,645
Yotoco,2003,0,"1,521","269,888",950,"4,646"
Yumbo,2003,0,471,"147,431",885,184
Zarzal,2003,0,0,"1,470,029","1,445",220
Municipios,AÑO,Cacao,Cafè,Caña de azucar (1),Caña panelera (1),Plátano (2)
Cali,2002,0,775,"474,100",0,"1,650"
Alcalà,2002,2,"2,527",0,160,"2,415"
Andalucia,2002,2,277,"714,852",585,465
Ansermanuevo,2002,0,"5,699","231,202","5,430","5,310"
Argelia,2002,0,"3,782",0,816,"3,573"
Bolivar,2002,20,"1,165","15,600","20,864","3,549"
Buenaventura,2002,0,0,0,"6,703","1,522"
Buga,2002,0,"1,123","693,110","4,200","4,345"
Bugalagrande,2002,1,"1,342","1,139,880","17,940","2,927"
Caicedonia,2002,0,"5,312",0,770,"15,448"
Candelaria,2002,0,0,"2,248,616","73,750",54
Cartago,2002,0,501,"250,950","3,224","1,626"
Dagua,2002,10,"1,399",0,"7,155","5,310"
Darièn,2002,0,558,0,"9,720","2,049"
El Aguila,2002,12,"7,367",0,"2,816","2,683"
El Cairo,2002,0,"1,887",0,"1,507","6,090"
El Cerrito,2002,0,216,"1,052,889","9,880","1,182"
El Dovio,2002,0,"1,242",0,"9,349","1,853"
Florida,2002,4,824,"1,313,000","8,400","2,424"
Ginebra,2002,0,837,"111,800",40,"1,043"
Guacarì,2002,0,527,"1,369,060","4,690","7,048"
Jamundì,2002,16,998,"393,680","1,505",311
La Cumbre,2002,0,870,0,187,"1,918"
La Unión,2002,0,738,"78,738",340,590
La Victoria,2002,0,580,"106,370","8,000","1,584"
Obando,2002,0,"1,227","205,200","3,245","3,619"
Palmira,2002,0,479,"3,667,893","1,620","2,160"
Pradera,2002,0,461,"1,236,491",0,130
Restrepo,2002,0,809,0,"13,860","2,856"
Riofrìo,2002,10,"4,765","360,833","3,055","8,667"
Roldanillo,2002,9,"1,468","137,500","3,950",723
San Pedro,2002,0,452,"580,487","27,755","1,409"
Sevilla,2002,0,"6,910",0,"1,440","8,820"
Toro,2002,0,"1,132","68,941","1,239","1,890"
Trujillo,2002,0,"5,371","13,236",625,"4,149"
Tuluà,2002,4,"3,472","769,500","3,150","3,926"
Ulloa,2002,0,"1,557",0,0,357
Versalles,2002,0,"1,335",0,"14,445","2,408"
Vijes,2002,0,569,0,173,600
Yotoco,2002,0,"1,446","304,792",950,"4,617"
Yumbo,2002,0,570,"155,012",885,176
Zarzal,2002,0,0,"1,359,997","1,105",190
Municipios,Año,Cacao,Cafè,Caña de azucar (1),Caña panelera (1),Plátano (2)
Cali,2001,0,746,"377,305",0,"1,550"
Alcalà,2001,2,"2,232",0,280,"2,907"
Andalucia,2001,2,311,"614,187",585,525
Ansermanuevo,2001,0,"5,621","154,187","4,860","5,022"
Argelia,2001,0,"4,145",0,816,"2,925"
Bolivar,2001,20,"1,241","13,706","20,864","3,640"
Buenaventura,2001,0,0,0,"4,900","1,522"
Buga,2001,0,"1,139","573,567","3,795","4,092"
Bugalagrande,2001,2,"1,547","995,474","17,520","2,552"
Caicedonia,2001,0,"6,307",0,350,"10,822"
Candelaria,2001,0,0,"1,956,390","73,750",113
Cartago,2001,0,581,"209,423","5,528","1,626"
Dagua,2001,5,937,0,"7,155","5,310"
Darièn,2001,0,608,0,"9,720","1,929"
El Aguila,2001,12,"7,672",0,"2,552","2,720"
El Cairo,2001,0,"4,414",0,"1,507","6,090"
El Cerrito,2001,0,219,"1,335,905","10,000","1,254"
El Dovio,2001,0,"1,244",0,"8,990","1,853"
Florida,2001,11,843,"1,153,548","5,460","1,744"
Ginebra,2001,0,854,"15,775",120,763
Guacarì,2001,0,561,"1,542,801","4,900","6,648"
Jamundì,2001,13,"1,056","280,267",900,311
La Cumbre,2001,0,978,0,187,"1,827"
La Unión,2001,0,744,"64,827",340,781
La Victoria,2001,0,663,"93,452","9,600","1,584"
Obando,2001,0,"1,292","170,265","2,365","3,729"
Palmira,2001,0,435,"3,192,415","1,620","2,496"
Pradera,2001,0,461,"1,086,331",0,130
Restrepo,2001,0,715,0,"13,860","3,036"
Riofrìo,2001,5,"6,326","318,270","2,925","7,722"
Roldanillo,2001,11,"1,622","109,820","3,800",580
San Pedro,2001,0,474,"526,064","27,625","1,508"
Sevilla,2001,0,"11,983",0,"10,500","5,544"
Toro,2001,0,"1,912","74,749","1,239","1,610"
Trujillo,2001,0,"5,310","10,660","1,035","4,131"
Tuluà,2001,2,"4,819","136,792","3,534","3,960"
Ulloa,2001,0,"1,722",0,0,254
Versalles,2001,0,"1,384",0,"9,200","2,450"
Vijes,2001,0,568,0,144,350
Yotoco,2001,0,"1,576","128,333",950,"4,524"
Yumbo,2001,0,547,"120,241",885,160
Zarzal,2001,0,0,"1,122,245","1,260",175
Municipios,Año,Cacao,Cafè,Caña de azucar (1),Caña panelera (1),Plátano (2)
Cali,2000,0,864,"440,000",0,"1,600"
Alcalà,2000,2,"2,217",0,600,"2,205"
Andalucia,2000,2,325,"595,328",585,525
Ansermanuevo,2000,0,"6,266","226,200","3,200","5,022"
Argelia,2000,0,"4,145",0,82,"2,925"
Bolivar,2000,19,"2,212","8,014","11,840","3,952"
Buenaventura,2000,0,0,0,"4,900","1,513"
Buga,2000,0,"1,168","671,110","3,657","3,575"
Bugalagrande,2000,1,"1,722","1,121,520","17,100","3,206"
Caicedonia,2000,0,"6,185",0,210,"27,807"
Candelaria,2000,0,0,"2,215,828","72,983",176
Cartago,2000,0,"1,431","238,371",160,"3,700"
Dagua,2000,5,"1,863",0,"5,400","4,635"
Darièn,2000,0,810,0,"5,700","1,278"
El Aguila,2000,12,"7,328",0,"2,400","2,400"
El Cairo,2000,0,"2,345",0,"1,600","6,090"
El Cerrito,2000,0,228,"1,509,378","9,520","1,254"
El Dovio,2000,0,"1,490",0,"8,206","1,980"
Florida,2000,8,"1,277","1,300,000","7,650","4,620"
Ginebra,2000,0,888,"343,232",120,560
Guacarì,2000,0,559,"1,383,760","6,300","6,800"
Jamundì,2000,5,"1,812","319,008",600,150
La Cumbre,2000,0,"1,158",0,"1,560","3,380"
La Unión,2000,0,654,"57,871",340,191
La Victoria,2000,0,"1,274","101,535","12,000","1,584"
Obando,2000,0,"1,315","184,110",715,"3,146"
Palmira,2000,0,435,"3,562,375","1,026","2,592"
Pradera,2000,0,488,"1,146,659",0,130
Restrepo,2000,0,"2,793",0,"33,865","3,156"
Riofrìo,2000,4,"5,834","280,390","2,600","8,410"
Roldanillo,2000,4,"1,602","78,100","2,700",853
San Pedro,2000,0,470,"503,580","26,975","1,170"
Sevilla,2000,0,"7,542",0,"13,500","5,544"
Toro,2000,0,"2,407","110,469","1,239","1,890"
Trujillo,2000,0,"7,147","12,133","1,725","3,902"
Tuluà,2000,2,"4,971","1,461,438","4,968","3,987"
Ulloa,2000,0,"2,264",0,0,171
Versalles,2000,0,798,0,"9,200","2,450"
Vijes,2000,0,776,0,540,500
Yotoco,2000,0,"1,565","304,792","1,260","4,611"
Yumbo,2000,0,548,"136,048",826,280
Zarzal,2000,0,0,"1,472,759","1,560",180
TOTAL,2019,"1,414.26","69,546.40","23,276,295.60","314,827.00","260,278.05"
,2019,0.00,0.00,0.00,0.00,0.00
Cali,2019,0.00,799.80,"465,000.00",0.00,198.00
Alcalà,2019,12.00,"2,666.20",0.00,0.00,"12,540.00"
Andalucia,2019,50.00,202.48,"385,700.00",0.00,"1,680.00"
Ansermanuevo,2019,28.30,"3,238.07","222,450.00","7,700.00","7,086.30"
Argelia,2019,4.80,"2,205.00",0.00,"1,824.00","11,004.00"
Bolivar,2019,366.00,"1,307.00","71,520.00","14,464.00","5,174.00"
Buenaventura,2019,80.50,0.00,0.00,"2,700.00","1,232.00"
Buga,2019,5.00,446.00,"895,390.00","1,260.00",156.00
Bugalagrande,2019,86.00,"1,520.40","1,118,130.00","16,275.00","2,024.00"
Caicedonia,2019,58.50,"6,073.00","13,750.00",0.00,"23,594.00"
Calima Darién,2019,1.20,443.00,0.00,"7,160.00","1,672.00"
Candelaria,2019,2.00,0.00,"2,752,360.00","74,425.00",69.00
Cartago,2019,5.60,221.52,"533,755.60",960.00,"1,548.00"
Dagua,2019,284.00,722.33,0.00,"6,540.00","16,560.00"
El Aguila,2019,16.00,"7,150.72",0.00,"2,400.00","16,170.00"
El Cairo,2019,0.00,"4,033.80",0.00,"6,000.00","23,745.00"
El Cerrito,2019,0.00,161.00,"2,035,800.00",0.00,0.00
El Dovio,2019,28.00,660.00,0.00,"4,170.00","1,045.00"
Florida,2019,16.00,"4,419.00","1,315,600.00",0.00,"3,252.00"
Ginebra,2019,0.00,"1,133.60","356,400.00","1,600.00",392.00
Guacarì,2019,1.20,300.80,"1,683,968.00","3,780.00",420.00
Jamundì,2019,141.75,"1,117.40","828,630.00","3,060.00",476.50
La Cumbre,2019,0.00,666.60,0.00,332.50,"2,262.65"
La Unión,2019,2.31,478.10,"229,120.00",0.00,308.80
La Victoria,2019,23.00,506.00,"170,100.00","1,600.00",640.00
Obando,2019,0.00,"2,110.00","643,550.00","31,590.00","1,582.00"
Palmira,2019,0.00,380.70,"4,407,000.00","12,460.00","1,416.00"
Pradera,2019,1.00,536.40,"1,157,750.00",0.00,100.00
Restrepo,2019,0.00,483.58,0.00,"22,425.00","3,941.50"
Riofrìo,2019,79.00,"3,801.98","252,000.00","9,680.00","30,152.00"
Roldanillo,2019,4.70,631.44,"339,912.50",540.00,966.00
San Pedro,2019,0.00,399.12,"599,440.00","32,330.00",0.00
Sevilla,2019,18.00,"7,484.40","8,000.00","4,750.00","40,830.00"
Toro,2019,7.20,"1,505.00","223,740.00",0.00,"1,280.00"
Trujillo,2019,17.55,"4,065.24","12,701.50","4,002.00","27,816.00"
Tuluà,2019,37.00,"4,110.00","766,590.00",700.00,"4,230.00"
Ulloa,2019,22.50,735.50,0.00,0.00,"2,346.00"
Versalles,2019,10.80,"1,086.21",0.00,"37,280.00","2,888.40"
Vijes,2019,0.00,496.00,"16,500.00",0.00,"1,232.00"
Yotoco,2019,1.40,"1,069.90","308,880.00","1,360.00","7,952.00"
Yumbo,2019,0.60,179.10,"213,888.00",199.50,253.50
Zarzal,2019,2.35,0.00,"1,248,670.00","1,260.00",43.40
